ID,Pop,Temperature_trt,Plant_trt,Pest_trt,Day_hatch,weight_pre_pest,leaf_consumed_day1,pupal_weight,Pup_date,Pup_scale,Eclos_date,Sex,Adult_mass,wing_damage,Death_date,Notes
1,VUH,1,Astragalus,High,6/17,0.0069 g,40,0.0507,7/13,Logan,7/23,M,0.0158,,,
2,VE,1,Alfalfa,NA,6/15,,,,,,,,,,6/17,
3,VE,2,Astragalus,NA,6/17,,,,,,,,,,6/21,
4,VE,2,Alfalfa,NA,6/15,,,,,,,,,,6/25,
5,VE,3,Astragalus,NA,6/15,,,,,,,,,,6/17,
6,VUH,3,Alfalfa,Low,6/15,0.0263 g,30,0.0238,7/9,Smil,,,,,8/5,
7,VE,1,Astragalus,High,6/16,0.0349 g,30,0.0216,7/7,Smil,,,,,8/5,
8,VE,1,Alfalfa,Low,6/16,0.0131 g,75,0.0173,7/21,Logan,8/1/22,F,0.0041,,,fucked up wings
9,VUH,2,Astragalus,High,6/16,0.0491 g,5,0.0286,7/7,Smil,,,,,8/5,
10,VUH ,2,Alfalfa,High,6/16,0.0064 g,5,0.0108,7/15,Logan,,,,,8/5,
11,VUH ,3,Astragalus,High,6/17,0.0631 g,5,0.0553,7/4,Smil,7/12,M,0.0148,,,
12,VUH ,3,Alfalfa,NA,6/16,,,,,,,,,,6/19,
13,VUH ,1,Astragalus,Low,6/16,0.0280 g,100,0.0742,7/9,Smil,7/18,F,0.0231,,,
14,VUH,1,Alfalfa,NA,6/16,,,,,,,,,,6/21,
15,VUH ,2,Astragalus,Control,6/16,0.0352 g,95,0.054,7/7,Smil,7/16,F,0.0203,,,
16,VUH ,2,Alfalfa,Control,6/16,,,,,,,,,,7/2 (Can't find),
17,VUH,3,Astragalus,NA,6/16,,,,,,,,,,6/21,
18,VUH ,3,Alfalfa,Low,6/16,0.0207 g,30,,,,,,,,7/9,
19,VUH ,1,Astragalus,Low,6/16,0.0106 g,75,0.0556,7/10,Smil,7/20,F,0.0175,,,
20,VUH,1,Alfalfa,NA,6/16,,,,,,,,,,6/21,
21,VUH,2,Astragalus,Low,6/16,0.0481 g,100,0.0566,7/7,Smil,7/16,F,0.0172,,,
22,VUH ,2,Alfalfa,NA,6/16,,,,,,,,,,7/1,
23,VE ,3,Astragalus,NA,6/16,,,,,,,,,,6/17,
24,VE ,3,Alfalfa,NA,6/16,,,,,,,,,,6/17,
25,VE ,1,Astragalus,High,6/16,0.0260 g,30,,,,,,,,7/9,
26,VE,1,Alfalfa,Control,6/16,0.0024 g,75,,,,,,,,7/24,
27,VE,2,Astragalus,Control,6/16,0.0416 g,95,0.0441,7/6,Smil,7/14,M,0.0114,,,
28,VE,2,Alfalfa,Control,6/16,0.0070 g,50,,,,,,,,7/15,
29,VE,3,Astragalus,NA,6/16,,,,,,,,,,6/21,
30,VE,3,Alfalfa,NA,6/17,,,,,,,,,,6/19,
31,VE,1,Astragalus,Control,6/16,0.0101 g,90,0.0563,7/9,Smil,7/18,M,0.0148,,,
32,VUH,1,Alfalfa,NA,6/16,,,,,,,,,,6/17,
33,VUH,2,Astragalus,Control,6/16,0.0424 g,100,0.0609,7/8,Smil,7/17,F,0.0156,,,
34,VUH,2,Alfalfa,Low,6/16,0.0068 g,75,,,,,,,,7/14,
35,VUH,3,Astragalus,Low,6/16,0.0038 g,5,,,,,,,,7/6,Found on wrong plant on 6/28 switched to astra
36,VUH,3,Alfalfa,NA,6/16,,,,,,,,,,6/17,
37,VUH,1,Astragalus,High,6/16,0.0142 g,10,,,,,,,,7/4,
38,VUH,1,Alfalfa,Control,6/16,0.0055 g,50,,,,,,,,7/14,
39,VUH,2,Astragalus,NA,6/16,,,,,,,,,,6/28,
40,VUH,2,Alfalfa,Low,6/16,0.0067 g,50,,,,,,,,7/18,
41,VUH,3,Astragalus,Low,6/16,0.0350 g,10,0.0316,7/4,Smil,7/11,M,0.0091,,,
42,VE,3,Alfalfa,High,6/16,0.0116 g,5,,,,,,,,7/3,
43,VE,1,Astragalus,Control,6/16,0.0188 g,90,0.0546,7/8,Smil,7/18,M,0.0082,,,
44,VUH,1,Alfalfa,Control,6/16,0.0131 g,40,0.0143,7/13,Logan,,,,,8/5,
45,VUH,2,Astragalus,High,6/16,0.0341 g,20,,,,,,,,7/9,
46,VUH,2,Alfalfa,Low,6/16,0.0050 g,50,0.0138,7/15,Logan,7/23,F,0.0048,,,
47,VUH,3,Astragalus,NA,6/16,,,,,,,,,,6/17,
48,VUH,3,Alfalfa,High,6/16,0.0147 g,50,,,,,,,,7/14,
49,VUH,1,Astragalus,Control,6/16,0.0116 g,100,0.076,7/9,Smil,,,,,8/5,
50,VUH,1,Alfalfa,High,6/16,0.0076 g,10,,,,,,,,7/6,
51,VUH,2,Astragalus,NA,6/16,,,,,,,,,,6/30,
52,VUH,2,Alfalfa,NA,6/16,,,,,,,,,,6/21,
54,VUH,3,Alfalfa,Control,6/16,,,,,,,,,,7/2 (Can't find),
55,VUH,1,Astragalus,Control,6/16,0.0140 g,100,0.0633,7/9,Smil,7/19,M,0.019,,,
56,VUH,1,Alfalfa,NA,6/16,,,,,,,,,,6/19,
57,VUH,2,Astragalus,NA,6/16,,,,,,,,,,6/21,
58,VUH,2,Alfalfa,NA,6/16,,,,,,,,,,7/1,
59,VUH,3,Astragalus,Low,6/16,0.0697 g,NA,0.0666,7/3,Smil,7/10,M,0.0186,,,did not do consume first day
60,VUH,3,Alfalfa,NA,6/16,,,,,,,,,,6/19,
61,VUH,1,Astragalus,High,6/17,0.0145 g,10,,,,,,,,7/3,
62,VUH,1,Alfalfa,NA,6/17,,,,,,,,,,6/19,
63,VUH,2,Astragalus,NA,6/17,,,,,,,,,,6/17,
64,VUH,2,Alfalfa,NA,6/17,,,,,,,,,,6/21,
65,VUH,3,Astragalus,High,6/17,0.0521 g,20,0.0471,7/4,Smil,,M,0.0097,,,
66,VUH,3,Alfalfa,Control,6/17,0.0164 g,90,0.0154,7/14,Smil,,,,,8/5,
67,VUH,1,Astragalus,High,6/17,0.0149 g,5,,,,,,,,7/4,
68,VUH,1,Alfalfa,NA,6/17,,,,,,,,,,7/1,
69,VUH,2,Astragalus,Control,6/17,0.0090 g,100,0.0527,7/10,Smil,7/17,M,0.0148,,,
70,VUH,2,Alfalfa,High,6/17,0.0049 g,5,,,,,,,,7/9,
71,VUH,3,Astragalus,High,6/17,0.0294 g,60,0.0556,7/12,Smil,7/19,F,0.0153,,,
72,VUH,3,Alfalfa,Low,6/17,0.0118 g,0,,,,,,,,7/4,
73,VUH,1,Astragalus,High,6/17,0.0089 g,60,,,,,,,,7/7,
74,VUH,1,Alfalfa,Low,6/17,0.0224 g,15,0.0219,7/23,Logan,,,,,8/5,
75,VUH,2,Astragalus,NA,6/17,,,,,,,,,,6/24,
76,VUH,2,Alfalfa,Low,6/17,0.0167 g,60,,,,,,,,7/13,
77,VUH,3,Astragalus,NA,6/17,,,,,,,,,,6/22,
78,VUH,3,Alfalfa,NA,6/17,,,,,,,,,,6/22,
79,VUH,1,Astragalus,NA,6/17,,,,,,,,,,6/21,
80,VUH,1,Alfalfa,NA,6/17,,,,,,,,,,6/21,
81,VUH,2,Astragalus,Control,6/17,0.0153 g,90,0.0564,7/9,Smil,7/17,F,0.0196,,,
82,VUH,2,Alfalfa,High,6/17,0.0107 g,5,,,,,,,,7/4,
83,VUH,3,Astragalus,Control,6/17,0.0671 g,NA,0.0641,7/3,Smil,7/10,M,0.0199,,,did not do consume first day
84,VUH,3,Alfalfa,High,6/17,0.0132 g,5,,,,,,,,7/3,
85,VUH,1,Astragalus,NA,6/17,,,,,,,,,,6/25,
86,VUH,1,Alfalfa,NA,6/17,,,,,,,,,,7/1,
87,VUH,2,Astragalus,Control,6/17,0.039 g,100,0.048,7/7,Smil,7/15,M,0.0145,,,
88,VUH,2,Alfalfa,High,6/17,0.0072 g,5,,,,,,,,7/5,
90,VUH,3,Alfalfa,NA,6/17,,,,,,,,,,6/17,
91,VUH,1,Astragalus,Control,6/17,0.0107 g,60,0.0597,7/10,Smil,7/20,F,0.0183,,,
92,VUH,1,Alfalfa,High,6/17,0.0027 g,5,,,,,,,,7/4,
93,VUH,2,Astragalus,High,6/17,0.0156 g,5,,,,,,,,7/9,
94,VUH,2,Alfalfa,NA,6/17,,,,,,,,,,6/21,
95,VUH,3,Astragalus,Control,6/17,0.0565 g,0,0.0495,7/4,Smil,NA,F,0.0143,,,
96,VUH,3,Alfalfa,NA,6/17,,,,,,,,,,6/17,
97,VUH,1,Astragalus,Control,6/17,0.0016 g,10,0.052,7/20,Logan,7/29,F,0.0202,,,
98,VUH,1,Alfalfa,High,6/17,0.0081 g,5,,,,,,,,7/4,
99,VUH,2,Astragalus,High,6/17,0.0089 g,25,,,,,,,,7/5,
100,VUH,2,Alfalfa,High,6/17,0.0067 g,5,,,,,,,,7/7,
101,VUH,3,Astragalus,NA,6/17,,,,,,,,,,6/26/22,
102,VUH,3,Alfalfa,High,6/17,0.0143 g,5,,,,,,,,7/17,
103,VE,1,Astragalus,Low,6/17,0.0155 g,100,0.077,7/9,Smil,7/19,M,0.0201,,,
104,VE,1,Alfalfa,NA,6/17,,,,,,,,,,6/25,
105,VE,2,Astragalus,Low,6/17,0.0127 g,75,0.0563,7/10,Smil,7/18,F,0.019,,,
106,VE,2,Alfalfa,NA,6/17,,,,,,,,,,6/21,
107,VE,3,Astragalus,Control,6/17,0.0581 g,NA,0.0556,7/3,Smil,7/10,M,0.018,,,did not do consume first day
108,VE,3,Alfalfa,Low,6/17,0.0153 g,80,0.016,7/9,Smil,,,,,8/5,
109,VE,1,Astragalus,High,6/17,0.0110 g,20,,,,,,,,7/4,
110,VE,1,Alfalfa,NA,6/17,,,,,,,,,,6/25,
111,VE,2,Astragalus,High,6/17,0.0270 g,90,,,,,,,,7/10,
112,VE,2,Alfalfa,Low,6/17,0.0073 g,80,,,,,,,,7/19,
113,VE,3,Astragalus,High,6/17,0.0575 g,5,0.0496,7/4,Smil,NA,F,0.0148,,,
114,VE,3,Alfalfa,Control,6/17,0.0176 g,60,,,,,,,,7/10,
115,VE,1,Astragalus,Control,6/17,0.0327 g,100,0.0558,7/7,Smil,7/17,M,0.0132,,,
116,VE,1,Alfalfa,NA,6/17,,,,,,,,,,7/1,
117,VE,2,Astragalus,NA,6/17,,,,,,,,,,7/1,
118,VE,2,Alfalfa,High,6/17,0.0019 g,5,,,,,,,,7/3,
119,VE,3,Astragalus,Low,6/17,0.0157 g,100,0.0648,7/8,Smil,7/15,F,0.0259,,,
120,VE,3,Alfalfa,High,6/17,0.0175 g,10,0.0144,7/12,Smil,,,,,8/5,
121,VE,1,Astragalus,NA,6/17,,,,,,,,,,6/22,
122,VE,1,Alfalfa,NA,6/17,,,,,,,,,,7/1,
123,VE,2,Astragalus,NA,6/17,,,,,,,,,,6/17,
124,VE,2,Alfalfa,NA,6/17,,,,,,,,,,6/21,
125,VE,3,Astragalus,Low,6/17,0.0543 g,NA,0.0525,7/3,Smil,7/10,M,0.0163,,,did not do consume first day
126,VE,3,Alfalfa,Low,6/17,0.0170 g,50,,,,,,,,7/10,
127,VE,1,Astragalus,Low,6/17,0.0032 g,75,0.0606,7/15,Logan,7/25,F,0.0239,,,was 20
128,VE,1,Alfalfa,NA,6/17,,,,,,,,,,7/1,
129,VE,2,Astragalus,High,6/17,0.0225 g,60,,,,,,,,7/9,
130,VE,2,Alfalfa,Control,6/17,0.0105 g,60,,,,,,,,7/23,
131,VE,3,Astragalus,High,6/17,0.0567 g,5,0.0493,7/4,Smil,NA,F,0.0148,,,
132,VE,3,Alfalfa,Low,6/17,0.0113 g,75,0.0121,7/12,Smil,,,,,8/5,
133,VE,1,Astragalus,Control,6/17,0.0094 g,100,0.0561,7/10,Smil,7/20,F,0.0195,,,
134,VE,1,Alfalfa,Control,6/17,0.0046 g,10,0.0207,7/15,Logan,7/25,M,0.0034,1,,
135,VE,2,Astragalus,Low,6/17,0.0152 g,100,0.0538,7/8,Smil,7/17,M,0.0163,,,
136,VE,2,Alfalfa,Low,6/17,0.0066 g,60,0.0204,7/19,Logan,,,,,8/5,
137,VE,3,Astragalus,NA,6/17,,,,,,,,,,6/24,
138,VE,3,Alfalfa,Low,6/17,0.0119 g,30,0.0136,7/10,Smil,,,,,8/5,
139,VE,1,Astragalus,High,6/17,0.0131 g,10,,,,,,,,7/4,
140,VE,1,Alfalfa,NA,6/17,,,,,,,,,,6/21,
141,VE,2,Astragalus,NA,6/17,,,,,,,,,,6/21,
142,VE,2,Alfalfa,Low,6/17,0.0078 g,75,,,,,,,,7/9,
143,VE,3,Astragalus,Low,6/17,,,,,,,,,,7/2 (Can't find),
144,VE,3,Alfalfa,Control,6/17,0.0084 g,50,0.0163,7/14,Smil,,,,,8/5,
145,VE,1,Astragalus,Low,6/17,0.0137 g,80,0.0566,7/9,Smil,7/19,M,0.0177,,,
146,VE,1,Alfalfa,Low,6/17,0.0096 g,60,,,,,,,,7/17,
147,VE,2,Astragalus,Low,6/17,0.0119 g,100,0.0637,7/11,Smil,7/19,M,0.0207,,,
148,VE,2,Alfalfa,High,6/17,0.0044 g,5,,,,,,,,7/3,
149,VE,3,Astragalus,NA,6/17,,,,,,,,,,6/25,
150,VE,3,Alfalfa,NA,6/17,,,,,,,,,,6/19,
151,VE,1,Astragalus,Low,6/17,0.0116 g,100,0.0732,7/12,Smil,7/23,F,0.0273,,,
152,VE,1,Alfalfa,Control,6/17,0.0016 g,50,0.0203,7/23,Logan,,,,,8/5,
153,VE,2,Astragalus,Control,6/17,0.0142 g,95,0.0695,7/11,Smil,7/19,F,0.0255,,,
154,VE,2,Alfalfa,High,6/17,0.0057 g,10,,,,,,,,7/3,
155,VE,3,Astragalus,NA,6/17,,,,,,,,,,6/17,
156,VE,3,Alfalfa,High,6/17,0.0169 g,5,,,,,,,,7/6,
157,VE,1,Astragalus,High,6/17,0.0126 g,5,,,,,,,,7/4,
158,VE,1,Alfalfa,High,6/17,0.0086 g,10,0.0213,7/15,Logan,7/25,F,0.0072,1,,
159,VE,2,Astragalus,High,6/17,0.0105 g,20,0.0643,7/12,Smil,7/20,F,0.0259,,,"Pupal data was at 158, but that was incorrect (becasue 158 went pupal 7/15) -Sam"
160,VE,2,Alfalfa,NA,6/17,,,,,,,,,,6/21,
161,VE,3,Astragalus,NA,6/17,,,,,,,,,,6/21,
162,VE,3,Alfalfa,Control,6/17,0.0209 g,25,,,,,,,,7/10,
163,VE,1,Astragalus,Control,6/17,0.0107 g,95,0.0561,7/9,Smil,7/19,M,0.0169,,,
164,VE,1,Alfalfa,Low,6/17,0.0047 g,60,,,,,,,,7/24,
165,VE,2,Astragalus,Low,6/17,0.0076 g,40,0.0704,7/13,Logan,7/22,F,0.0197,,,
166,VE,2,Alfalfa,High,6/17,0.0057 g,5,,,,,,,,7/4,
167,VE,3,Astragalus,NA,6/17,,,,,,,,,,6/19,
168,VE,3,Alfalfa,Control,6/17,0.0118 g,30,,,,,,,,7/14,
169,VE,1,Astragalus,Low,6/17,0.0228 g,100,0.0456,7/10,Smil,7/19,M,0.0142,,,
170,VE,1,Alfalfa,High,6/17,0.0074 g ,10,,,,,,,,7/4,
171,VE,2,Astragalus,High,6/17,0.0121 g,10,,,,,,,,7/5,
172,VE,2,Alfalfa,NA,6/17,,,,,,,,,,6/21,
173,VE,3,Astragalus,NA,6/17,,,,,,,,,,6/21,
174,VE,3,Alfalfa,High,6/17,0.0179 g,30,,,,,,,,7/18,
175,VE,1,Astragalus,Low,6/17,0.0069 g,60,0.0632,7/12,Smil,7/22,M,0.0179,,,
176,VE,1,Alfalfa,NA,6/17,,,,,,,,,,6/22,
177,VE,2,Astragalus,NA,6/17,,,,,,,,,,6/21,
178,VE,2,Alfalfa,High,6/17,0.0053 g,5,,,,,,,,7/4,
179,VE,3,Astragalus,High,6/17,0.0552 g,10,0.0482,7/4,Smil,7/11,M,0.0122,,,
180,VE,3,Alfalfa,NA,6/17,,,,,,,,,,7/1,
181,VE,1,Astragalus,High,6/17,0.0131 g,50,,,,,,,,7/6,
182,VE,1,Alfalfa,High,6/17,0.0073 g,5,,,,,,,,7/4,
183,VE,2,Astragalus,Low,6/17,0.0131 g,95,0.0519,7/10,Smil,7/19,M,0.0189,,,
184,VE,2,Alfalfa,Low,6/17,,,,,,,,,,6/21,
186,VUH,3,Alfalfa,Control,6/17,0.0134 g,80,0.0174,7/13,,,,,,8/5,
187,VUH,1,Astragalus,Control,6/17,0.0089 g,90,0.0418,7/10,Smil,,,,,8/5,
188,VUH,1,Alfalfa,Control,6/17,0.0082 g,50,,,,,,,,7/19,
189,VUH,2,Astragalus,Control,6/17,0.0094 g,90,,,,,,,,7/15,
190,VUH,2,Alfalfa,NA,6/17,,,,,,,,,,6/30,
191,VUH,3,Astragalus,Low,6/17,,,,,,,,,,7/2 (Can't find),
192,VUH,3,Alfalfa,NA,6/17,,,,,,,,,,6/24,
193,VUH,1,Astragalus,Low,6/17,0.0362 g,100,0.0628,7/8,Smil,7/17,M,0.0198,,,
194,VUH,1,Alfalfa,Low,6/17,0.0052 g,20,0.0246,7/22,Logan,8/1/22,M,0.0067,,,
195,VUH,2,Astragalus,Low,6/17,0.0103 g,100,0.06,7/9,Smil,7/17,M,0.0188,,,
196,VUH,2,Alfalfa,NA,6/17,,,,,,,,,,6/23,
197,VUH,3,Astragalus,NA,6/17,,,,,,,,,,6/17,
198,VUH,3,Alfalfa,High,6/17,0.0137 g,10,,,,,,,,7/4,
199,VUH,1,Astragalus,NA,6/17,,,,,,,,,,6/21,
200,VUH,1,Alfalfa,Control,6/17,0.0090 g,75,,,,,,,,7/14,
201,VUH,2,Astragalus,Low,6/17,0.0055 g,20,0.0603,7/13,Logan,7/20,F,0.0189,,,
202,VUH,2,Alfalfa,NA,6/17,,,,,,,,,,6/22,
203,VUH,3,Astragalus,NA,6/17,,,,,,,,,,6/17,
204,VUH,3,Alfalfa,High,6/17,0.0082 g,10,,,,,,,,7/5,
205,VUH,1,Astragalus,Low,6/17,0.016 g,75,0.0584,7/9,Smil,7/18,M,0.0148,,,
206,VUH,1,Alfalfa,NA,6/17,,,,,,,,,,6/23,
207,VUH,2,Astragalus,Control,6/17,0.0117 g,95,,,,,,,,7/10,
209,VUH,3,Astragalus,High,6/17,0.0526 g,5,0.0473,7/4,Smil,7/12,M,0.0128,,,
210,VUH,3,Alfalfa,NA,6/17,,,,,,,,,,6/24,
211,VUH,1,Astragalus,High,6/17,0.0308 g ,10,,,,,,,,7/4,
212,VUH,1,Alfalfa,High,6/17,0.0049 g,5,,,,,,,,7/4,
213,VUH,2,Astragalus,NA,6/17,,,,,,,,,,6/17,
214,VUH,2,Alfalfa,NA,6/17,,,,,,,,,,6/21,
215,VUH,3,Astragalus,Low,6/17,0.0689 g,0,0.0617,7/4,Smil,7/11,F,0.0126,,,
216,VUH,3,Alfalfa,Low,6/17,0.0096 g,80,,,,,,,,7/21,
217,VUH,1,Astragalus,Control,6/18,0.0113 g,100,0.0668,7/10,Smil,7/20,F,0.0227,,,
218,VUH,1,Alfalfa,NA,6/18,,,,,,,,,,6/21,
219,VUH,2,Astragalus,NA,6/18,,,,,,,,,,6/21,
220,VUH,2,Alfalfa,Low,6/18,0.0054 g,50,,,,,,,,7/9,
221,VUH,3,Astragalus,Low,6/18,0.0499 g,5,0.041,7/5,Smil,7/12,F,0.0089,,,
222,VUH,3,Alfalfa,Control,6/18,0.0099 g,90,0.0072,7/15,,,,,,8/5,
223,VUH,1,Astragalus,Low,6/18,0.0092 g,75,0.0623,7/9,Smil,7/19,M,0.0201,,,
224,VUH,1,Alfalfa,Low,6/18,0.0062 g,10,,,,,,,,7/6,
225,VUH,2,Astragalus,NA,6/18,,,,,,,,,,6/30,
226,VUH,2,Alfalfa,Control,6/18,0.0054 g,60,,,,,,,,7/17,
227,VUH,3,Astragalus,High,6/18,0.0277 g,35,,,,,,,,7/3,
228,VUH,3,Alfalfa,NA,6/18,,,,,,,,,,6/22,
229,VUH,1,Astragalus,NA,6/18,,,,,,,,,,6/19,
230,VUH,1,Alfalfa,Control,6/18,0.0075 g,5,,,,,,,,7/27,
231,VUH,2,Astragalus,Low,6/18,0.0108 g,50,,,,,,,,7/15,
232,VUH,2,Alfalfa,Low,6/18,0.0080 g,80,,,,,,,,7/14,
233,VUH,3,Astragalus,NA,6/18,,,,,,,,,,6/24,
234,VUH,3,Alfalfa,Control,6/18,0.0168 g,20,,,,,,,,7/10,
235,VUH,1,Astragalus,High,6/18,0.0013 g,5,,,,,,,,7/3,
236,VUH,1,Alfalfa,Control,6/18,0.0069 g,50,,,,,,,,7/17,
237,VUH,2,Astragalus,Control,6/18,0.0098 g,100,0.0601,7/10,Smil,7/18,F,0.0224,1,,
238,VUH,2,Alfalfa,High,6/18,0.0060 g,40,,,,,,,,7/19,
239,VUH,3,Astragalus,NA,6/18,,,,,,,,,,6/21,
240,VUH,3,Alfalfa,Control,6/18,0.0207 g,75,0.0209,7/10,Smil,7/15,M,0.0044,,,
241,VUH,1,Astragalus,Low,6/18,0.0052 g,75,,,,,,,,7/6,
242,VUH,1,Alfalfa,High,6/18,0.0103 g,5,,,,,,,,7/4,
243,VUH,2,Astragalus,High,6/18,0.0083 g,25,,,,,,,,7/4,
244,VUH,2,Alfalfa,Control,6/18,0.0018 g,60,,,,,,,,7/24,
245,VUH,3,Astragalus,Control,6/18,0.0178 g,75,0.0654,7/8,Smil,7/15,F,0.0181,,,
246,VUH,3,Alfalfa,Control,6/18,0.0139 g,50,,,,,,,,7/13,
247,VUH,1,Astragalus,Control,6/18,0.0161 g,60,0.063,7/9,Smil,7/19,F,0.0197,,,
248,VUH,1,Alfalfa,NA,6/18,,,,,,,,,,7/1,
249,VUH,2,Astragalus,Control,6/18,0.0118 g,100,0.051,7/10,Smil,7/18,F,0.0194,,,
250,VUH,2,Alfalfa,Low,6/18,0.0083 g,10,0.0186,7/15,Logan,7/23,F,0.0058,,,
251,VUH,3,Astragalus,High,6/18,0.0037 g,10,,,,,,,,7/4,
252,VUH,3,Alfalfa,NA,6/18,,,,,,,,,,6/25,
253,VUH,1,Astragalus,Low,6/18,0.0134 g,0,,,,,,,,7/9,
254,VUH,1,Alfalfa,Low,6/18,0.0103 g,60,0.019,7/15,Logan,7/25,M,0.0075,,,
255,VUH,2,Astragalus,Low,6/18,0.0126 g,75,0.0668,7/11,Smil,7/20,F,0.028,,,
256,VUH,2,Alfalfa,Low,6/18,0.0057 g,10,0.00869,7/22,Logan,,,,,8/5,
257,VUH,3,Astragalus,High,6/18,0.0629 g,5,0.0575,7/4,Smil,7/11,F,0.0183,,,
258,VUH,3,Alfalfa,Low,6/18,0.0131 g,25,0.021,7/11,Smil,,,,,8/5,
259,VUH,1,Astragalus,Low,6/18,0.0123 g,100,0.0685,7/10,Smil,7/22,F,0.0192,,,
260,VUH,1,Alfalfa,High,6/18,0.0092 g,5,,,,,,,,7/3,
261,VUH,2,Astragalus,High,6/18,0.0120 g,10,,,,,,,,7/4,
262,VUH,2,Alfalfa,NA,6/18,,,,,,,,,,6/21,
263,VUH,3,Astragalus,Control,6/18,0.0154 g,100,0.0605,7/8,Smil,7/15,F,0.0193,,,
264,VUH,3,Alfalfa,Low,6/18,0.0310 g,60,0.0378,7/7,Smil,7/15,F,0.0085,,,
265,VUH,1,Astragalus,Control,6/18,0.0114 g,75,0.0802,7/10,Smil,7/21,F,0.0271,,,
266,VUH,1,Alfalfa,NA,6/18,,,,,,,,,,6/23,
267,VUH,2,Astragalus,NA,6/18,,,,,,,,,,6/19,
268,VUH,2,Alfalfa,NA,6/18,,,,,,,,,,6/21,
269,VUH,3,Astragalus,High,6/18,0.0665 g,10,0.0568,7/4,Smil,7/12,F,0.0158,,,
270,VUH,3,Alfalfa,High,6/18,0.0186 g,25,,,,,,,,7/13,
271,VUH,1,Astragalus,High,6/18,0.0128 g,20,0.059,7/13,Logan,7/22,F,0.0234,,,
272,VUH,1,Alfalfa,High,6/18,0.0060 g ,5,,,,,,,,7/4,
273,VUH,2,Astragalus,High,6/18,0.0087 g,10,,,,,,,,7/4,
274,VUH,2,Alfalfa,Control,6/18,0.0067 g,60,0.0139,7/20,,,,,,8/5,
275,VUH,3,Astragalus,High,6/18,0.0476 g,5,0.0418,7/4,Smil,7/10,F,0.0124,,,
276,VUH,3,Alfalfa,Low,6/18,0.0176 g,60,,,,,,,,7/13,
277,VUH,1,Astragalus,Control,6/18,0.0034 g,75,0.0649,7/15,Logan,7/25,F,0.0237,,,
278,VUH,1,Alfalfa,Low,6/18,0.0084 g,30,,,,,,,,7/27,
279,VUH,2,Astragalus,NA,6/18,,,,,,,,,,6/21,
280,VUH,2,Alfalfa,Control,6/18,0.0028 g,0,,,,,,,,7/7,
281,VUH,3,Astragalus,Control,6/18,0.0375 g,100,0.0617,7/6,Smil,7/13,M,0.0177,,,
282,VUH,3,Alfalfa,Control,6/18,0.0164 g,50,0.021,7/15,,7/22,M,0.004,,,Found as adult dead
283,VUH,1,Astragalus,NA,6/18,,,,,,,,,,6/23,
284,VUH,1,Alfalfa,High,6/18,0.0010 g,10,,,,,,,,7/5,
285,VUH,2,Astragalus,Control,6/18,0.0104 g,15,,,,,,,,7/5,
286,VUH,2,Alfalfa,Low,6/18,0.0092 g,20,,,,,,,,7/15,
287,VUH,3,Astragalus,Control,6/18,0.0683 g,NA,0.0643,7/3,Smil,7/10,M,0.0195,,,did not do consume first day
288,VUH,3,Alfalfa,Low,6/18,0.0178 g,80,0.0268,7/8,Smil,7/15,F,0.0082,,,
289,VUH,1,Astragalus,NA,6/18,,,,,,,,,,6/22,
290,VUH,1,Alfalfa,Low,6/18,0.0108 g,75,,,,,,,,7/13,
291,VUH,2,Astragalus,Control,6/18,0.0099 g,100,0.0441,7/10,Smil,,,,,8/5,
292,VUH,2,Alfalfa,Low,6/18,0.0053 g,30,0.0185,7/14,Logan,7/22,M,0.005,,,
293,VUH,3,Astragalus,Low,6/18,0.0645 g,0,0.0605,7/4,Smil,NA,F,0.0171,,,
294,VUH,3,Alfalfa,High,6/18,0.0091 g,NA,0.0151,7/13,,,,,,8/5,
295,VUH,1,Astragalus,High,6/18,,,0.0589,7/12,Smil,7/21,M,0.019,,,
296,VUH,1,Alfalfa,Low,6/18,0.0091 g,60,0.0229,7/15,Logan,7/24,F,0.0069,,,
297,VUH,2,Astragalus,Control,6/18,0.0163 g,95,0.0578,7/8,Smil,7/17,M,0.0142,,,
298,VUH,2,Alfalfa,Low,6/18,0.0042 g,5,0.0134,7/22,,7/29,M,0.0027,,,"Not sure where the death date came from, but pupated on 7/22"
299,VUH,3,Astragalus,Low,6/18,,,,,,,,,,7/2 (Can't Find),
300,VUH,3,Alfalfa,Low,6/18,0.0225 g,75,0.0176,7/6,Smil,,,,,8/5,
301,VUH,1,Astragalus,Low,6/18,0.0127 g,100,0.0536,7/11,Smil,,,,,8/5,
302,VUH,1,Alfalfa,NA,6/18,,,,,,,,,,7/1,
303,VUH,2,Astragalus,High,6/18,0.0091 g,10,,,,,,,,7/4,
304,VUH,2,Alfalfa,High,6/18,0.0101 g,5,,,,,,,,7/4,
305,VUH,3,Astragalus,Control,6/18,0.0523 g,0,0.046,7/4,Smil,NA,M,0.0113,,,
306,VUH,3,Alfalfa,NA,6/18,,,,,,,,,,6/28,
307,VUH,1,Astragalus,High,6/18,0.0074 g,5,,,,,,,,7/3,
308,VUH,1,Alfalfa,Control,6/18,0.0105 g,75,,,,,,,,7/21,
309,VUH,2,Astragalus,High,6/18,0.0101 g,5,,,,,,,,7/5,
310,VUH,2,Alfalfa,NA,6/18,,,,,,,,,,6/24,
311,VUH,3,Astragalus,Control,6/18,,,,,,,,,,7/2 (Can't Find),
312,VUH,3,Alfalfa,High,6/18,0.0148 g,40,0.0206,7/15,,7/25,F,0.0019,1,,
313,VUH,1,Astragalus,Control,6/18,0.0097 g,NA,0.0629,7/10,Smil,7/20,M,0.0173,,,missing consumption
314,VUH,1,Alfalfa,Low,6/18,,,,,,,,,,7/2,
315,VUH,2,Astragalus,High,6/18,0.0070 g,5,,,,,,,,7/3,
316,VUH,2,Alfalfa,NA,6/18,,,,,,,,,,7/1,
317,VUH,3,Astragalus,NA,6/18,,,,,,,,,,6/24,
318,VUH,3,Alfalfa,NA,6/18,,,,,,,,,,6/25,
319,VUH,1,Astragalus,NA,6/18,,,,,,,,,,6/30,
320,VUH,1,Alfalfa,Control,6/18,0.0037 g,50,,,,,,,,7/7,
321,VUH,2,Astragalus,High,6/18,0.0056 g,15,,,,,,,,7/7,
322,VUH,2,Alfalfa,Control,6/18,0.0018 g,0,,,,,,,,7/7,
323,VUH,3,Astragalus,Low,6/18,0.0597 g,0,0.0545,7/4,Smil,7/10,F,0.0165,,,
324,VUH,3,Alfalfa,NA,6/18,,,,,,,,,,6/21,
325,VUH,1,Astragalus,Control,6/18,0.0097 g,60,0.0674,7/13,Logan,7/23,F,0.0273,,,
326,VUH,1,Alfalfa,NA,6/18,,,,,,,,,,6/19,
327,VUH,2,Astragalus,Control,6/18,0.0120 g,95,0.0658,7/9,Smil,7/17,M,0.018,,,
328,VUH,2,Alfalfa,High,6/18,,,,,,,,,,7/2 (Can't find),
330,VUH,3,Alfalfa,High,6/18,0.0213 g,20,0.0223,7/15,,7/21,M,0.0036,1,,
331,VUH,1,Astragalus,High,6/18,0.0170 g,10,,,,,,,,7/4,
332,VUH,1,Alfalfa,Control,6/18,0.0047 g,50,0.0285,7/19,Logan,7/30,F,0.0086,,,
333,VUH,2,Astragalus,Control,6/18,0.0154 g,100,0.0877,7/10,Smil,7/18,F,0.027,,,
334,VUH,2,Alfalfa,High,6/18,0.0076 g,15,0.0162,7/15,Logan,,,,,8/5,
335,VUH,3,Astragalus,Low,6/18,0.0423 g,100,0.0571,7/6,Smil,7/13,F,0.0142,,,
336,VUH,3,Alfalfa,Control,6/18,0.0153 g,50,0.0118,7/12,Smil,,,,,8/5,Found on wrong plant on 6/28 switched to Alf 
337,VE,1,Astragalus,Control,6/18,0.0121 g,60,0.0526,7/10,Smil,7/19,M,0.0147,,,
338,VE,1,Alfalfa,NA,6/18,,,,,,,,,,6/19,
339,VE,2,Astragalus,High,6/18,0.0103 g,10,,,,,,,,7/4,
340,VE,2,Alfalfa,Low,6/18,0.0081 g,40,,,,,,,,7/21,
341,VE,3,Astragalus,Control,6/18,0.0462 g,0,0.0385,7/4,Smil,7/12,M,0.0088,,,
342,VE,3,Alfalfa,NA,6/18,,,,,,,,,,6/19,
343,VE,1,Astragalus,High,6/18,0.0130 g,25,,,,,,,,7/4,
344,VE,1,Alfalfa,High,6/18,0.0113 g,5,,,,,,,,7/8,
345,VE,2,Astragalus,NA,6/18,,,,,,,,,,6/21,
346,VE,2,Alfalfa,Low,6/18,0.0031 g,10,,,,,,,,7/7,
347,VE,3,Astragalus,High,6/18,0.0385 g,100,,,,,,,,7/7,
348,VE,3,Alfalfa,Control,6/18,0.0119 g,60,0.0206,7/8,Smil,7/15,M,0.0033,,,
349,VE,1,Astragalus,Low,6/18,0.0132 g,80,0.0576,7/10,Smil,7/19,M,0.018,,,
350,VE,1,Alfalfa,High,6/18,0.0013 g,5,,,,,,,,7/7,
351,VE,2,Astragalus,High,6/18,0.0039 g,10,,,,,,,,7/6,
352,VE,2,Alfalfa,High,6/18,0.0023 g,5,,,,,,,,7/6,
353,VE,3,Astragalus,NA,6/18,,,,,,,,,,6/21,
354,VE,3,Alfalfa,Low,6/18,0.0064 g,75,0.0118,7/14,Smil,7/21,F,0.0018,,,
355,VE,1,Astragalus,Low,6/18,0.0077 g,95,0.0559,7/14,Logan,7/24,F,0.0196,,,
356,VE,1,Alfalfa,Control,6/18,0.0041 g,75,0.0165,7/19,Logan,7/29,F,0.0064,,,
357,VE,2,Astragalus,NA,6/18,,,,,,,,,,6/30,
358,VE,2,Alfalfa,NA,6/18,,,,,,,,,,6/21,
359,VE,3,Astragalus,Low,6/18,0.0561 g,0,0.0515,7/4,Smil,NA,F,0.0133,,,
360,VE,3,Alfalfa,NA,6/18,,,,,,,,,,6/22,
361,VE,1,Astragalus,NA,6/18,,,,,,,,,,6/21,
362,VE,1,Alfalfa,High,6/18,0.0044 g,5,,,,,,,,7/6,
363,VE,2,Astragalus,Control,6/18,0.0103 g,90,0.0573,7/9,Smil,,,,,8/5,
364,VE,2,Alfalfa,Control,6/18,0.0048 g,80,0.0273,7/14,Logan,7/22,F,0.0059,,,
365,VE,3,Astragalus,Control,6/18,0.0041 g,100,0.063,7/12,Smil,7/20,F,0.0206,,,
366,VE,3,Alfalfa,Control,6/18,0.0137 g,50,0.0154,7/10,Smil,,,,,8/5,
367,VE,1,Astragalus,Control,6/18,0.0103 g,75,0.0569,7/9,,7/19,M,0.0163,,,
368,VE,1,Alfalfa,NA,6/18,,,,,,,,,,7/1,
369,VE,2,Astragalus,Low,6/18,0.0069 g,90,,,,,,,,7/12,
370,VE,2,Alfalfa,High,6/18,0.0062 g,5,,,,,,,,7/6,
371,VE,3,Astragalus,Low,6/18,0.0040 g,5,,,,,,,,7/7,
372,VE,3,Alfalfa,NA,6/18,,,,,,,,,,6/21,
373,VE,1,Astragalus,NA,6/18,,,,,,,,,,6/19,
374,VE,1,Alfalfa,Control,6/18,0.0041 g,75,0.0152,7/20,,,,,,8/5,
375,VE,2,Astragalus,Low,6/18,0.0074 g,40,0.057,7/12,Smil,7/20,F,0.0226,,,
376,VE,2,Alfalfa,Low,6/18,0.0072 g,75,,,,,,,,7/29,
377,VE,3,Astragalus,NA,6/18,,,,,,,,,,6/21,
378,VE,3,Alfalfa,Control,6/18,0.0174 g,75,,,,,,,,7/13,
379,VE,1,Astragalus,Low,6/18,0.0133 g,100,0.0484,7/9,Smil,7/19,M,0.0129,,,
380,VE,1,Alfalfa,Low,6/18,,,,,,,,,,7/2 (Can't Find),
381,VE,2,Astragalus,NA,6/18,,,,,,,,,,6/25,
382,VE,2,Alfalfa,High,6/18,0.0029 g,5,,,,,,,,7/5,
383,VE,3,Astragalus,High,6/18,0.0422 g,25,,,,,,,,7/3,
384,VE,3,Alfalfa,NA,6/18,,,,,,,,,,6/22,
385,VE,1,Astragalus,Low,6/18,0.0091 g,5,,,,,,,,7/6,
386,VE,1,Alfalfa,Low,6/18,0.0060 g,45,0.0107,7/22,Logan,,,,,8/5,
387,VE,2,Astragalus,Low,6/18,0.0106 g,75,0.0567,7/8,Smil,7/17,F,0.0203,,,
388,VE,2,Alfalfa,Low,6/18,0.0096 g,60,,,,,,,,7/19,
389,VE,3,Astragalus,Control,6/18,0.0582 g,0,0.054,7/4,Smil,7/11,F,0.0199,,,
390,VE,3,Alfalfa,NA,6/18,,,,,,,,,,6/22,
391,VE,1,Astragalus,Control,6/18,0.0125 g,100,0.048,7/8,Smil,7/17,M,0.0137,,,
392,VE,1,Alfalfa,Low,6/18,0.0067 g,50,0.0237,7/22,Logan,8/1/22,F,0.0082,,,
393,VE,2,Astragalus,Control,6/18,0.0109 g,60,0.0626,7/13,Logan,7/20,M,0.0201,,,
394,VE,2,Alfalfa,Control,6/18,0.0065 g,75,0.0196,7/14,Smil,7/23,F,0.0038,,,
395,VE,3,Astragalus,High,6/18,0.0478 g,0,0.0368,7/5,Smil,,,,,8/5,
396,VE,3,Alfalfa,NA,6/18,,,,,,,,,,6/21,
397,VE,1,Astragalus,Control,6/18,0.0108 g,60,0.0479,7/9,Smil,7/19,M,0.0166,,,
398,VE,1,Alfalfa,High,6/18,0.0030 g,5,,,,,,,,7/4,
399,VE,2,Astragalus,Control,6/18,0.0112 g,95,0.0591,7/9,Smil,7/17,M,0.0179,,,
400,VE,2,Alfalfa,Low,6/18,0.0051 g,60,,,,,,,,7/15,
401,VE,3,Astragalus,Control,6/18,0.0339 g,100,0.0494,7/6,Smil,7/13,F,0.0172,,,
402,VE,3,Alfalfa,High,6/18,0.0117 g,5,,,,,,,,7/5,
403,VE,1,Astragalus,High,6/18,0.0098 g,10,,,,,,,,7/4,
404,VE,1,Alfalfa,High,6/18,0.0050 g,5,,,,,,,,7/6,
405,VE,2,Astragalus,Low,6/18,,,,,,,,,,7/2 (Can't Find),
406,VE,2,Alfalfa,Control,6/18,0.0060 g,60,,,,,,,,7/19,
407,VE,3,Astragalus,Control,6/18,0.0142 g,100,0.0554,7/8,Smil,7/15,M,0.0188,,,
408,VE,3,Alfalfa,Control,6/18,0.0146 g,80,0.0106,7/17,,,,,,8/5,
409,VE,1,Astragalus,High,6/18,,,,,,,,,,7/2 (Can't Find),
410,VE,1,Alfalfa,Low,6/18,0.0073 g,30,,,,,,,,7/8,
411,VE,2,Astragalus,High,6/18,0.0088 g,75,0.0491,7/10,Smil,,,,,8/5,
412,VE,2,Alfalfa,Low,6/18,0.0019 g,0,,,,,,,,7/3,
413,VE,3,Astragalus,Low,6/18,0.0509 g,0,0.0448,7/4,Smil,7/12,F,0.0132,,,
414,VE,3,Alfalfa,NA,6/18,,,,,,,,,,6/28,
415,VE,1,Astragalus,Control,6/18,0.0068 g,95,0.0757,7/14,Logan,7/24,F,0.0258,,,
416,VE,1,Alfalfa,Low,6/18,0.0049 g,80,,,,,,,,8/5,
417,VE,2,Astragalus,NA,6/18,,,0.0149,7/14,Logan,,,,,6/28,
418,VUH,2,Alfalfa,Control,6/18,0.0069 g,75,,,,,,,,7/19,
419,VUH,3,Astragalus,High,6/18,0.0647 g,5,0.0568,7/4,Smil,NA,F,0.0151,,,
420,VUH,3,Alfalfa,High,6/18,0.0131 g,50,,,,,,,,7/13,
421,VUH,1,Astragalus,Low,6/18,0.0072 g,100,0.0585,7/10,Smil,,,,,8/5,
422,VUH,1,Alfalfa,Control,6/18,0.0069 g,30,,,,,,,,7/12,
423,VUH,2,Astragalus,Control,6/18,0.0139 g,95,0.0727,7/11,Smil,7/19,F,0.0284,,,
424,VUH,2,Alfalfa,Control,6/18,0.0056 g,75,0.0174,7/22,Logan,,,,,8/5,
426,VUH,3,Alfalfa,Control,6/18,0.0103 g,50,0.0143,7/11,Smil,,,,,8/5,
427,VUH,1,Astragalus,Control,6/18,0.0102 g,100,0.0579,7/9,Smil,7/18,M,0.0164,,,
428,VUH,1,Alfalfa,High,6/18,0.0016 g,10,,,,,,,,7/4,
429,VUH,2,Astragalus,Control,6/18,0.0151 g,100,0.0597,7/10,Smil,7/18,F,0.0221,,,
430,VUH,2,Alfalfa,Control,6/18,0.0083 g,30,,,,,,,,7/21,
431,VUH,3,Astragalus,Control,6/18,0.0355 g,100,0.0496,7/6,Smil,NA,F,0.0091,,,
432,VUH,3,Alfalfa,NA,6/18,,,,,,,,,,6/22,
433,VUH,1,Astragalus,Control,6/18,0.0098 g,100,0.0512,7/12,Smil,7/21,F,0.0163,,,
434,VUH,1,Alfalfa,Low,6/18,0.0139 g,25,,,,,,,,7/6,
435,VUH,2,Astragalus,Control,6/18,0.0040 g,95,0.0554,7/15,Logan,7/22,F,0.0199,,,
436,VUH,2,Alfalfa,Control,6/18,0.0075 g,60,0.0178,NA,Logan,7/24,M,0.0056,1,,
437,VUH,3,Astragalus,NA,6/18,,,,,,,,,,6/22,
438,VUH,3,Alfalfa,High,6/18,0.0213 g,15,0.0172,7/10,Smil,,,,,8/5,
439,VUH,1,Astragalus,Low,6/18,0.0111 g,100,0.0643,7/10,Smil,7/20,M,0.0167,,,
440,VUH,1,Alfalfa,Low,6/18,0.0094 g,75,0.0248,7/15,Logan,7/24,M,0.0076,,,
441,VUH,2,Astragalus,Low,6/18,0.0129 g,100,0.0617,7/10,Smil,7/18,F,0.0212,,,
442,VUH,2,Alfalfa,Control,6/18,0.0033 g,25,,,,,,,,7/24,
443,VUH,3,Astragalus,NA,6/18,,,,,,,,,,6/21,
444,VUH,3,Alfalfa,Low,6/18,0.0114 g,75,,,,,,,,7/22,
445,VUH,1,Astragalus,High,6/18,0.0074 g,50,,,,,,,,7/6,
446,VUH,1,Alfalfa,Control,6/18,0.0108 g,60,,,,,,,,7/9,
447,VUH,2,Astragalus,Low,6/18,0.0078 g,50,0.0587,7/12,Smil,7/19,M,0.0203,,,
448,VUH,2,Alfalfa,Control,6/18,0.0069 g,60,0.0113,7/15,Logan,,,,,8/5,
449,VUH,3,Astragalus,Control,6/18,0.0346 g,100,0.057,7/6,Smil,7/13,F,0.0179,,,
450,VUH,3,Alfalfa,Low,6/18,0.0084 g,80,0.0136,7/13,,,,,,8/5,